{
  "metropolis": {
    "hex": {
      "betaL-popt": [
        0.6580032239953458,
        0.9381142298446619,
        -0.5289643860904946
      ],
      "betaL-sigma": [
        0.0009064730993634439,
        0.11665683514725601,
        0.21275139757245426
      ],
      "betaL-pcov": [
        [
          8.21693479869568e-07,
          0.00010424474956149306,
          0.00018801710684216685
        ],
        [
          0.00010424474956149306,
          0.013608817186574066,
          0.024776771212315512
        ],
        [
          0.00018801710684216685,
          0.024776771212315512,
          0.045263157169032495
        ]
      ],
      "betaL-chisq": 0.9511095464903275,
      "chiL-popt": [
        -2.320955268420116,
        0.15615927057809736,
        1.7255722757607825
      ],
      "chiL-sigma": [
        0.7889251325341055,
        0.006550316490942553,
        0.008985286130017088
      ],
      "chiL-pcov": [
        [
          0.6224028647439559,
          -0.0049923272203814,
          0.006789827094656876
        ],
        [
          -0.0049923272203814,
          4.290664613151396e-05,
          -5.88143118859354e-05
        ],
        [
          0.006789827094656876,
          -5.88143118859354e-05,
          8.073536683827745e-05
        ]
      ],
      "chiL-chisq": 1.0029225670772246
    },
    "tri": {
      "betaL-popt": [
        0.2752425119209306,
        1.1124888738019088,
        -0.19152297218832215
      ],
      "betaL-sigma": [
        0.0008406591164578355,
        0.19868819625758388,
        0.09114116870831492
      ],
      "betaL-pcov": [
        [
          7.067077500836686e-07,
          0.0001653399244732367,
          7.508616510583407e-05
        ],
        [
          0.0001653399244732367,
          0.03947699933209217,
          0.01807611294259528
        ],
        [
          7.508616510583407e-05,
          0.01807611294259528,
          0.008306712633517522
        ]
      ],
      "betaL-chisq": 0.7855674610234646,
      "chiL-popt": [
        0.32687775202400216,
        0.02639318210382155,
        1.7693181257767074
      ],
      "chiL-sigma": [
        0.2973337599255597,
        0.0020006609026359964,
        0.016159205858911403
      ],
      "chiL-pcov": [
        [
          0.08840736479147038,
          -0.0005708792014698133,
          0.0045698836973298435
        ],
        [
          -0.0005708792014698133,
          4.0026440473362795e-06,
          -3.2307173418666384e-05
        ],
        [
          0.0045698836973298435,
          -3.2307173418666384e-05,
          0.00026111993399067666
        ]
      ],
      "chiL-chisq": 1.040220080690276
    },
    "sqr": {
      "betaL-popt": [
        0.4423664614895227,
        1.3012897496429052,
        -0.19493832855932305
      ],
      "betaL-sigma": [
        0.0012821055984369183,
        0.21574027850248104,
        0.07153229568932117
      ],
      "betaL-pcov": [
        [
          1.6437947655432882e-06,
          0.00027439919124114525,
          9.009962660194701e-05
        ],
        [
          0.00027439919124114525,
          0.046543867768328084,
          0.015402359956921892
        ],
        [
          9.009962660194701e-05,
          0.015402359956921892,
          0.005116869326584475
        ]
      ],
      "betaL-chisq": 0.8969058176733038,
      "chiL-popt": [
        -0.18042079581369355,
        0.04814966880758953,
        1.7528296711260198
      ],
      "chiL-sigma": [
        0.36775966044670577,
        0.0026909379567629766,
        0.011947347213527757
      ],
      "chiL-pcov": [
        [
          0.13524716785187632,
          -0.0009535566095303807,
          0.0041969721192240865
        ],
        [
          -0.0009535566095303807,
          7.2411470871477025e-06,
          -3.212719174925719e-05
        ],
        [
          0.0041969721192240865,
          -3.212719174925719e-05,
          0.00014273910544058946
        ]
      ],
      "chiL-chisq": 0.36103888261768446
    }
  },
  "wolff": {
    "hex": {
      "betaL-popt": [
        0.6584829269222225,
        0.9979910053929961,
        -0.4399622390426455
      ],
      "betaL-sigma": [
        5.423033794830326e-05,
        0.012890541125208122,
        0.0201617249179896
      ],
      "betaL-pcov": [
        [
          2.9409295539871805e-09,
          6.73531553230857e-07,
          1.022630747316877e-06
        ],
        [
          6.73531553230857e-07,
          0.00016616605050068185,
          0.0002586367659739796
        ],
        [
          1.022630747316877e-06,
          0.0002586367659739796,
          0.00040649515166868276
        ]
      ],
      "betaL-chisq": 1.4915878975315777,
      "chiL-popt": [
        -0.5374595649674819,
        0.1403761587763838,
        1.7488961989739404
      ],
      "chiL-sigma": [
        0.16876537305399777,
        0.000658951715354919,
        0.0008823845884292281
      ],
      "chiL-pcov": [
        [
          0.028481751142055037,
          -9.758551736170593e-05,
          0.00012851701948933975
        ],
        [
          -9.758551736170593e-05,
          4.3421736316919017e-07,
          -5.805748094289214e-07
        ],
        [
          0.00012851701948933975,
          -5.805748094289214e-07,
          7.786025618974183e-07
        ]
      ],
      "chiL-chisq": 1.1700711892380757
    },
    "tri": {
      "betaL-popt": [
        0.2746595124076099,
        1.004943851826698,
        -0.24625197030642643
      ],
      "betaL-sigma": [
        2.4763259000540304e-05,
        0.012981712074280206,
        0.011856618748893565
      ],
      "betaL-pcov": [
        [
          6.132189963278404e-10,
          3.0943258757039363e-07,
          2.739206816828942e-07
        ],
        [
          3.0943258757039363e-07,
          0.0001685248483795125,
          0.00015312091519731786
        ],
        [
          2.739206816828942e-07,
          0.00015312091519731786,
          0.00014057940815661438
        ]
      ],
      "betaL-chisq": 0.7334407597337699,
      "chiL-popt": [
        -0.2203324395938519,
        0.02901260321512805,
        1.7504612895331195
      ],
      "chiL-sigma": [
        0.04860926684780383,
        0.0001642921727119413,
        0.0010343861487271458
      ],
      "chiL-pcov": [
        [
          0.002362860823481001,
          -6.7838858514779985e-06,
          4.195932573764871e-05
        ],
        [
          -6.7838858514779985e-06,
          2.6991918014410355e-08,
          -1.6965977089264182e-07
        ],
        [
          4.195932573764871e-05,
          -1.6965977089264182e-07,
          1.069954704678577e-06
        ]
      ],
      "chiL-chisq": 1.1886286145373537
    },
    "sqr": {
      "betaL-popt": [
        0.4407387894269125,
        1.0177595975212144,
        -0.3708315484504735
      ],
      "betaL-sigma": [
        3.9685957699363414e-05,
        0.012608262158257758,
        0.01667164235688558
      ],
      "betaL-pcov": [
        [
          1.5749752385156622e-09,
          4.807350050672117e-07,
          6.157581815123718e-07
        ],
        [
          4.807350050672117e-07,
          0.00015896827465135456,
          0.00020909813080339216
        ],
        [
          6.157581815123718e-07,
          0.00020909813080339216,
          0.0002779436588759014
        ]
      ],
      "betaL-chisq": 1.354686134369937,
      "chiL-popt": [
        -0.13307926882316476,
        0.04811379749848918,
        1.7519947612163431
      ],
      "chiL-sigma": [
        0.06092646400059411,
        0.00020181537663226608,
        0.0007636991813641306
      ],